CREATE TABLE IF NOT EXISTS "auth_group" ("id" integer NOT NULL PRIMARY KEY AUTOINCREMENT, "name" varchar(150) NOT NULL UNIQUE);
CREATE UNIQUE INDEX "auth_group_permissions_group_id_permission_id_0cd325b0_uniq" ON "auth_group_permissions" ("group_id", "permission_id");
CREATE INDEX IF NOT EXISTS "auth_group_permissions_group_id_b120cbf9" ON "auth_group_permissions" ("group_id");
CREATE INDEX IF NOT EXISTS "auth_group_permissions_permission_id_84c5c92e" ON "auth_group_permissions" ("permission_id");
CREATE UNIQUE INDEX "auth_user_groups_user_id_group_id_94350c0c_uniq" ON "auth_user_groups" ("user_id", "group_id");
CREATE INDEX IF NOT EXISTS "auth_user_groups_user_id_6a12ed8b" ON "auth_user_groups" ("user_id");
CREATE INDEX IF NOT EXISTS "auth_user_groups_group_id_97559544" ON "auth_user_groups" ("group_id");
CREATE UNIQUE INDEX "auth_user_user_permissions_user_id_permission_id_14a6b632_uniq" ON "auth_user_user_permissions" ("user_id", "permission_id");
CREATE INDEX IF NOT EXISTS "auth_user_user_permissions_user_id_a95ead1b" ON "auth_user_user_permissions" ("user_id");
CREATE INDEX IF NOT EXISTS "auth_user_user_permissions_permission_id_1fbb5f2c" ON "auth_user_user_permissions" ("permission_id");
CREATE INDEX IF NOT EXISTS "django_admin_log_content_type_id_c4bce8eb" ON "django_admin_log" ("content_type_id");
CREATE INDEX IF NOT EXISTS "django_admin_log_user_id_c564eba6" ON "django_admin_log" ("user_id");
CREATE UNIQUE INDEX "django_content_type_app_label_model_76bd3d3b_uniq" ON "django_content_type" ("app_label", "model");
CREATE UNIQUE INDEX "auth_permission_content_type_id_codename_01ab375a_uniq" ON "auth_permission" ("content_type_id", "codename");
CREATE INDEX IF NOT EXISTS "auth_permission_content_type_id_2f476e4b" ON "auth_permission" ("content_type_id");
CREATE INDEX IF NOT EXISTS "django_session_expire_date_a5c62663" ON "django_session" ("expire_date");
CREATE INDEX IF NOT EXISTS "blog_post_autor_id_8811ea21" ON "blog_post" ("autor_id");
CREATE UNIQUE INDEX "blog_post_categorias_post_id_categoria_id_70b54e48_uniq" ON "blog_post_categorias" ("post_id", "categoria_id");
CREATE INDEX IF NOT EXISTS "blog_post_categorias_post_id_212bf44c" ON "blog_post_categorias" ("post_id");
CREATE INDEX IF NOT EXISTS "blog_post_categorias_categoria_id_f3743c06" ON "blog_post_categorias" ("categoria_id");
CREATE INDEX IF NOT EXISTS "tienda_producto_categorias_id_462aa648" ON "tienda_producto" ("categorias_id");
CREATE INDEX IF NOT EXISTS "imagenes_imagen_fecha_subida_31bcc313" ON "imagenes_imagen" ("fecha_subida");
CREATE INDEX IF NOT EXISTS "imagenes_imagen_subida_por_id_094b5a58" ON "imagenes_imagen" ("subida_por_id");
CREATE TABLE IF NOT EXISTS "auth_group_permissions" ("id" integer NOT NULL PRIMARY KEY AUTOINCREMENT, "group_id" integer NOT NULL REFERENCES "auth_group" ("id") DEFERRABLE INITIALLY DEFERRED, "permission_id" integer NOT NULL REFERENCES "auth_permission" ("id") DEFERRABLE INITIALLY DEFERRED);
CREATE UNIQUE INDEX "auth_group_permissions_group_id_permission_id_0cd325b0_uniq" ON "auth_group_permissions" ("group_id", "permission_id");
CREATE INDEX IF NOT EXISTS "auth_group_permissions_group_id_b120cbf9" ON "auth_group_permissions" ("group_id");
CREATE INDEX IF NOT EXISTS "auth_group_permissions_permission_id_84c5c92e" ON "auth_group_permissions" ("permission_id");
CREATE UNIQUE INDEX "auth_user_groups_user_id_group_id_94350c0c_uniq" ON "auth_user_groups" ("user_id", "group_id");
CREATE INDEX IF NOT EXISTS "auth_user_groups_user_id_6a12ed8b" ON "auth_user_groups" ("user_id");
CREATE INDEX IF NOT EXISTS "auth_user_groups_group_id_97559544" ON "auth_user_groups" ("group_id");
CREATE UNIQUE INDEX "auth_user_user_permissions_user_id_permission_id_14a6b632_uniq" ON "auth_user_user_permissions" ("user_id", "permission_id");
CREATE INDEX IF NOT EXISTS "auth_user_user_permissions_user_id_a95ead1b" ON "auth_user_user_permissions" ("user_id");
CREATE INDEX IF NOT EXISTS "auth_user_user_permissions_permission_id_1fbb5f2c" ON "auth_user_user_permissions" ("permission_id");
CREATE INDEX IF NOT EXISTS "django_admin_log_content_type_id_c4bce8eb" ON "django_admin_log" ("content_type_id");
CREATE INDEX IF NOT EXISTS "django_admin_log_user_id_c564eba6" ON "django_admin_log" ("user_id");
CREATE UNIQUE INDEX "django_content_type_app_label_model_76bd3d3b_uniq" ON "django_content_type" ("app_label", "model");
CREATE UNIQUE INDEX "auth_permission_content_type_id_codename_01ab375a_uniq" ON "auth_permission" ("content_type_id", "codename");
CREATE INDEX IF NOT EXISTS "auth_permission_content_type_id_2f476e4b" ON "auth_permission" ("content_type_id");
CREATE INDEX IF NOT EXISTS "django_session_expire_date_a5c62663" ON "django_session" ("expire_date");
CREATE INDEX IF NOT EXISTS "blog_post_autor_id_8811ea21" ON "blog_post" ("autor_id");
CREATE UNIQUE INDEX "blog_post_categorias_post_id_categoria_id_70b54e48_uniq" ON "blog_post_categorias" ("post_id", "categoria_id");
CREATE INDEX IF NOT EXISTS "blog_post_categorias_post_id_212bf44c" ON "blog_post_categorias" ("post_id");
CREATE INDEX IF NOT EXISTS "blog_post_categorias_categoria_id_f3743c06" ON "blog_post_categorias" ("categoria_id");
CREATE INDEX IF NOT EXISTS "tienda_producto_categorias_id_462aa648" ON "tienda_producto" ("categorias_id");
CREATE INDEX IF NOT EXISTS "imagenes_imagen_fecha_subida_31bcc313" ON "imagenes_imagen" ("fecha_subida");
CREATE INDEX IF NOT EXISTS "imagenes_imagen_subida_por_id_094b5a58" ON "imagenes_imagen" ("subida_por_id");
CREATE TABLE IF NOT EXISTS "auth_permission" ("id" integer NOT NULL PRIMARY KEY AUTOINCREMENT, "content_type_id" integer NOT NULL REFERENCES "django_content_type" ("id") DEFERRABLE INITIALLY DEFERRED, "codename" varchar(100) NOT NULL, "name" varchar(255) NOT NULL);
INSERT INTO "auth_permission" VALUES(1,1,'add_logentry','Can add log entry');
INSERT INTO "auth_permission" VALUES(2,1,'change_logentry','Can change log entry');
INSERT INTO "auth_permission" VALUES(3,1,'delete_logentry','Can delete log entry');
INSERT INTO "auth_permission" VALUES(4,1,'view_logentry','Can view log entry');
INSERT INTO "auth_permission" VALUES(5,2,'add_permission','Can add permission');
INSERT INTO "auth_permission" VALUES(6,2,'change_permission','Can change permission');
INSERT INTO "auth_permission" VALUES(7,2,'delete_permission','Can delete permission');
INSERT INTO "auth_permission" VALUES(8,2,'view_permission','Can view permission');
INSERT INTO "auth_permission" VALUES(9,3,'add_group','Can add group');
INSERT INTO "auth_permission" VALUES(10,3,'change_group','Can change group');
INSERT INTO "auth_permission" VALUES(11,3,'delete_group','Can delete group');
INSERT INTO "auth_permission" VALUES(12,3,'view_group','Can view group');
INSERT INTO "auth_permission" VALUES(13,4,'add_user','Can add user');
INSERT INTO "auth_permission" VALUES(14,4,'change_user','Can change user');
INSERT INTO "auth_permission" VALUES(15,4,'delete_user','Can delete user');
INSERT INTO "auth_permission" VALUES(16,4,'view_user','Can view user');
INSERT INTO "auth_permission" VALUES(17,5,'add_contenttype','Can add content type');
INSERT INTO "auth_permission" VALUES(18,5,'change_contenttype','Can change content type');
INSERT INTO "auth_permission" VALUES(19,5,'delete_contenttype','Can delete content type');
INSERT INTO "auth_permission" VALUES(20,5,'view_contenttype','Can view content type');
INSERT INTO "auth_permission" VALUES(21,6,'add_session','Can add session');
INSERT INTO "auth_permission" VALUES(22,6,'change_session','Can change session');
INSERT INTO "auth_permission" VALUES(23,6,'delete_session','Can delete session');
INSERT INTO "auth_permission" VALUES(24,6,'view_session','Can view session');
INSERT INTO "auth_permission" VALUES(25,7,'add_servicio','Can add servicio');
INSERT INTO "auth_permission" VALUES(26,7,'change_servicio','Can change servicio');
INSERT INTO "auth_permission" VALUES(27,7,'delete_servicio','Can delete servicio');
INSERT INTO "auth_permission" VALUES(28,7,'view_servicio','Can view servicio');
INSERT INTO "auth_permission" VALUES(29,8,'add_categoria','Can add categoria');
INSERT INTO "auth_permission" VALUES(30,8,'change_categoria','Can change categoria');
INSERT INTO "auth_permission" VALUES(31,8,'delete_categoria','Can delete categoria');
INSERT INTO "auth_permission" VALUES(32,8,'view_categoria','Can view categoria');
INSERT INTO "auth_permission" VALUES(33,9,'add_post','Can add post');
INSERT INTO "auth_permission" VALUES(34,9,'change_post','Can change post');
INSERT INTO "auth_permission" VALUES(35,9,'delete_post','Can delete post');
INSERT INTO "auth_permission" VALUES(36,9,'view_post','Can view post');
INSERT INTO "auth_permission" VALUES(37,10,'add_producto','Can add Producto');
INSERT INTO "auth_permission" VALUES(38,10,'change_producto','Can change Producto');
INSERT INTO "auth_permission" VALUES(39,10,'delete_producto','Can delete Producto');
INSERT INTO "auth_permission" VALUES(40,10,'view_producto','Can view Producto');
INSERT INTO "auth_permission" VALUES(41,11,'add_categoriaprod','Can add categoriaProd');
INSERT INTO "auth_permission" VALUES(42,11,'change_categoriaprod','Can change categoriaProd');
INSERT INTO "auth_permission" VALUES(43,11,'delete_categoriaprod','Can delete categoriaProd');
INSERT INTO "auth_permission" VALUES(44,11,'view_categoriaprod','Can view categoriaProd');
INSERT INTO "auth_permission" VALUES(45,12,'add_imagen','Can add imagen');
INSERT INTO "auth_permission" VALUES(46,12,'change_imagen','Can change imagen');
INSERT INTO "auth_permission" VALUES(47,12,'delete_imagen','Can delete imagen');
INSERT INTO "auth_permission" VALUES(48,12,'view_imagen','Can view imagen');
CREATE UNIQUE INDEX "auth_group_permissions_group_id_permission_id_0cd325b0_uniq" ON "auth_group_permissions" ("group_id", "permission_id");
CREATE INDEX IF NOT EXISTS "auth_group_permissions_group_id_b120cbf9" ON "auth_group_permissions" ("group_id");
CREATE INDEX IF NOT EXISTS "auth_group_permissions_permission_id_84c5c92e" ON "auth_group_permissions" ("permission_id");
CREATE UNIQUE INDEX "auth_user_groups_user_id_group_id_94350c0c_uniq" ON "auth_user_groups" ("user_id", "group_id");
CREATE INDEX IF NOT EXISTS "auth_user_groups_user_id_6a12ed8b" ON "auth_user_groups" ("user_id");
CREATE INDEX IF NOT EXISTS "auth_user_groups_group_id_97559544" ON "auth_user_groups" ("group_id");
CREATE UNIQUE INDEX "auth_user_user_permissions_user_id_permission_id_14a6b632_uniq" ON "auth_user_user_permissions" ("user_id", "permission_id");
CREATE INDEX IF NOT EXISTS "auth_user_user_permissions_user_id_a95ead1b" ON "auth_user_user_permissions" ("user_id");
CREATE INDEX IF NOT EXISTS "auth_user_user_permissions_permission_id_1fbb5f2c" ON "auth_user_user_permissions" ("permission_id");
CREATE INDEX IF NOT EXISTS "django_admin_log_content_type_id_c4bce8eb" ON "django_admin_log" ("content_type_id");
CREATE INDEX IF NOT EXISTS "django_admin_log_user_id_c564eba6" ON "django_admin_log" ("user_id");
CREATE UNIQUE INDEX "django_content_type_app_label_model_76bd3d3b_uniq" ON "django_content_type" ("app_label", "model");
CREATE UNIQUE INDEX "auth_permission_content_type_id_codename_01ab375a_uniq" ON "auth_permission" ("content_type_id", "codename");
CREATE INDEX IF NOT EXISTS "auth_permission_content_type_id_2f476e4b" ON "auth_permission" ("content_type_id");
CREATE INDEX IF NOT EXISTS "django_session_expire_date_a5c62663" ON "django_session" ("expire_date");
CREATE INDEX IF NOT EXISTS "blog_post_autor_id_8811ea21" ON "blog_post" ("autor_id");
CREATE UNIQUE INDEX "blog_post_categorias_post_id_categoria_id_70b54e48_uniq" ON "blog_post_categorias" ("post_id", "categoria_id");
CREATE INDEX IF NOT EXISTS "blog_post_categorias_post_id_212bf44c" ON "blog_post_categorias" ("post_id");
CREATE INDEX IF NOT EXISTS "blog_post_categorias_categoria_id_f3743c06" ON "blog_post_categorias" ("categoria_id");
CREATE INDEX IF NOT EXISTS "tienda_producto_categorias_id_462aa648" ON "tienda_producto" ("categorias_id");
CREATE INDEX IF NOT EXISTS "imagenes_imagen_fecha_subida_31bcc313" ON "imagenes_imagen" ("fecha_subida");
CREATE INDEX IF NOT EXISTS "imagenes_imagen_subida_por_id_094b5a58" ON "imagenes_imagen" ("subida_por_id");
CREATE TABLE IF NOT EXISTS "auth_user" ("id" integer NOT NULL PRIMARY KEY AUTOINCREMENT, "password" varchar(128) NOT NULL, "last_login" datetime NULL, "is_superuser" bool NOT NULL, "username" varchar(150) NOT NULL UNIQUE, "last_name" varchar(150) NOT NULL, "email" varchar(254) NOT NULL, "is_staff" bool NOT NULL, "is_active" bool NOT NULL, "date_joined" datetime NOT NULL, "first_name" varchar(150) NOT NULL);
INSERT INTO "auth_user" VALUES(1,'pbkdf2_sha256$260000$jtlgsoo31fK29VALdcRMsB$kMzkgWvH7FR/H6daKQEwmHqHTClcPqr6EpxuXmb2Qno=','2021-11-20 12:01:34.388547',1,'usuario','','',1,1,'2021-11-17 15:01:15.463941','');
INSERT INTO "auth_user" VALUES(2,'pbkdf2_sha256$260000$Oiwi4HCMZyFxPM9Ywf4L7k$NuklT75REVVlT7W1DlUs2kvKzQ5H6IePfcnsfhPHBS8=','2021-12-25 21:30:16.443906',1,'marisamiguel','miguel arnal','Marisikamiar@outlook.com',1,1,'2021-11-20 11:58:40','marisa');
INSERT INTO "auth_user" VALUES(3,'pbkdf2_sha256$260000$QV0T9XUR0iuIDppzIbfBOG$oMAFUflhNTUGkZ4CBFQsbVE7IaTuoqo8gBFHPHoZ/Kk=',NULL,1,'marisamiar','','Marisika_miar@hotmail.com',1,1,'2021-11-24 22:24:57.556621','');
INSERT INTO "auth_user" VALUES(5,'pbkdf2_sha256$260000$a4zpf61q2VD7TA8O41k81q$/4dw+qFiATADj6XFYdjixlYGs1bVfcvB6LpP0oxE/BQ=',NULL,0,'luismorillas','','',0,1,'2021-12-07 14:27:02','');
INSERT INTO "auth_user" VALUES(6,'pbkdf2_sha256$260000$Wlo9XgSxXo5ym6mkaHQhQ3$zRvqt92QfvcHLit8IYhk50yZ0g7ieXDRUUYQS7lOAo4=','2021-12-18 19:14:50.323042',0,'marisadwes','Miguel','',1,1,'2021-12-07 14:33:13','Marisa');
CREATE UNIQUE INDEX "auth_group_permissions_group_id_permission_id_0cd325b0_uniq" ON "auth_group_permissions" ("group_id", "permission_id");
CREATE INDEX IF NOT EXISTS "auth_group_permissions_group_id_b120cbf9" ON "auth_group_permissions" ("group_id");
CREATE INDEX IF NOT EXISTS "auth_group_permissions_permission_id_84c5c92e" ON "auth_group_permissions" ("permission_id");
CREATE UNIQUE INDEX "auth_user_groups_user_id_group_id_94350c0c_uniq" ON "auth_user_groups" ("user_id", "group_id");
CREATE INDEX IF NOT EXISTS "auth_user_groups_user_id_6a12ed8b" ON "auth_user_groups" ("user_id");
CREATE INDEX IF NOT EXISTS "auth_user_groups_group_id_97559544" ON "auth_user_groups" ("group_id");
CREATE UNIQUE INDEX "auth_user_user_permissions_user_id_permission_id_14a6b632_uniq" ON "auth_user_user_permissions" ("user_id", "permission_id");
CREATE INDEX IF NOT EXISTS "auth_user_user_permissions_user_id_a95ead1b" ON "auth_user_user_permissions" ("user_id");
CREATE INDEX IF NOT EXISTS "auth_user_user_permissions_permission_id_1fbb5f2c" ON "auth_user_user_permissions" ("permission_id");
CREATE INDEX IF NOT EXISTS "django_admin_log_content_type_id_c4bce8eb" ON "django_admin_log" ("content_type_id");
CREATE INDEX IF NOT EXISTS "django_admin_log_user_id_c564eba6" ON "django_admin_log" ("user_id");
CREATE UNIQUE INDEX "django_content_type_app_label_model_76bd3d3b_uniq" ON "django_content_type" ("app_label", "model");
CREATE UNIQUE INDEX "auth_permission_content_type_id_codename_01ab375a_uniq" ON "auth_permission" ("content_type_id", "codename");
CREATE INDEX IF NOT EXISTS "auth_permission_content_type_id_2f476e4b" ON "auth_permission" ("content_type_id");
CREATE INDEX IF NOT EXISTS "django_session_expire_date_a5c62663" ON "django_session" ("expire_date");
CREATE INDEX IF NOT EXISTS "blog_post_autor_id_8811ea21" ON "blog_post" ("autor_id");
CREATE UNIQUE INDEX "blog_post_categorias_post_id_categoria_id_70b54e48_uniq" ON "blog_post_categorias" ("post_id", "categoria_id");
CREATE INDEX IF NOT EXISTS "blog_post_categorias_post_id_212bf44c" ON "blog_post_categorias" ("post_id");
CREATE INDEX IF NOT EXISTS "blog_post_categorias_categoria_id_f3743c06" ON "blog_post_categorias" ("categoria_id");
CREATE INDEX IF NOT EXISTS "tienda_producto_categorias_id_462aa648" ON "tienda_producto" ("categorias_id");
CREATE INDEX IF NOT EXISTS "imagenes_imagen_fecha_subida_31bcc313" ON "imagenes_imagen" ("fecha_subida");
CREATE INDEX IF NOT EXISTS "imagenes_imagen_subida_por_id_094b5a58" ON "imagenes_imagen" ("subida_por_id");
CREATE TABLE IF NOT EXISTS "auth_user_groups" ("id" integer NOT NULL PRIMARY KEY AUTOINCREMENT, "user_id" integer NOT NULL REFERENCES "auth_user" ("id") DEFERRABLE INITIALLY DEFERRED, "group_id" integer NOT NULL REFERENCES "auth_group" ("id") DEFERRABLE INITIALLY DEFERRED);
CREATE UNIQUE INDEX "auth_group_permissions_group_id_permission_id_0cd325b0_uniq" ON "auth_group_permissions" ("group_id", "permission_id");
CREATE INDEX IF NOT EXISTS "auth_group_permissions_group_id_b120cbf9" ON "auth_group_permissions" ("group_id");
CREATE INDEX IF NOT EXISTS "auth_group_permissions_permission_id_84c5c92e" ON "auth_group_permissions" ("permission_id");
CREATE UNIQUE INDEX "auth_user_groups_user_id_group_id_94350c0c_uniq" ON "auth_user_groups" ("user_id", "group_id");
CREATE INDEX IF NOT EXISTS "auth_user_groups_user_id_6a12ed8b" ON "auth_user_groups" ("user_id");
CREATE INDEX IF NOT EXISTS "auth_user_groups_group_id_97559544" ON "auth_user_groups" ("group_id");
CREATE UNIQUE INDEX "auth_user_user_permissions_user_id_permission_id_14a6b632_uniq" ON "auth_user_user_permissions" ("user_id", "permission_id");
CREATE INDEX IF NOT EXISTS "auth_user_user_permissions_user_id_a95ead1b" ON "auth_user_user_permissions" ("user_id");
CREATE INDEX IF NOT EXISTS "auth_user_user_permissions_permission_id_1fbb5f2c" ON "auth_user_user_permissions" ("permission_id");
CREATE INDEX IF NOT EXISTS "django_admin_log_content_type_id_c4bce8eb" ON "django_admin_log" ("content_type_id");
CREATE INDEX IF NOT EXISTS "django_admin_log_user_id_c564eba6" ON "django_admin_log" ("user_id");
CREATE UNIQUE INDEX "django_content_type_app_label_model_76bd3d3b_uniq" ON "django_content_type" ("app_label", "model");
CREATE UNIQUE INDEX "auth_permission_content_type_id_codename_01ab375a_uniq" ON "auth_permission" ("content_type_id", "codename");
CREATE INDEX IF NOT EXISTS "auth_permission_content_type_id_2f476e4b" ON "auth_permission" ("content_type_id");
CREATE INDEX IF NOT EXISTS "django_session_expire_date_a5c62663" ON "django_session" ("expire_date");
CREATE INDEX IF NOT EXISTS "blog_post_autor_id_8811ea21" ON "blog_post" ("autor_id");
CREATE UNIQUE INDEX "blog_post_categorias_post_id_categoria_id_70b54e48_uniq" ON "blog_post_categorias" ("post_id", "categoria_id");
CREATE INDEX IF NOT EXISTS "blog_post_categorias_post_id_212bf44c" ON "blog_post_categorias" ("post_id");
CREATE INDEX IF NOT EXISTS "blog_post_categorias_categoria_id_f3743c06" ON "blog_post_categorias" ("categoria_id");
CREATE INDEX IF NOT EXISTS "tienda_producto_categorias_id_462aa648" ON "tienda_producto" ("categorias_id");
CREATE INDEX IF NOT EXISTS "imagenes_imagen_fecha_subida_31bcc313" ON "imagenes_imagen" ("fecha_subida");
CREATE INDEX IF NOT EXISTS "imagenes_imagen_subida_por_id_094b5a58" ON "imagenes_imagen" ("subida_por_id");
CREATE TABLE IF NOT EXISTS "auth_user_user_permissions" ("id" integer NOT NULL PRIMARY KEY AUTOINCREMENT, "user_id" integer NOT NULL REFERENCES "auth_user" ("id") DEFERRABLE INITIALLY DEFERRED, "permission_id" integer NOT NULL REFERENCES "auth_permission" ("id") DEFERRABLE INITIALLY DEFERRED);
CREATE UNIQUE INDEX "auth_group_permissions_group_id_permission_id_0cd325b0_uniq" ON "auth_group_permissions" ("group_id", "permission_id");
CREATE INDEX IF NOT EXISTS "auth_group_permissions_group_id_b120cbf9" ON "auth_group_permissions" ("group_id");
CREATE INDEX IF NOT EXISTS "auth_group_permissions_permission_id_84c5c92e" ON "auth_group_permissions" ("permission_id");
CREATE UNIQUE INDEX "auth_user_groups_user_id_group_id_94350c0c_uniq" ON "auth_user_groups" ("user_id", "group_id");
CREATE INDEX IF NOT EXISTS "auth_user_groups_user_id_6a12ed8b" ON "auth_user_groups" ("user_id");
CREATE INDEX IF NOT EXISTS "auth_user_groups_group_id_97559544" ON "auth_user_groups" ("group_id");
CREATE UNIQUE INDEX "auth_user_user_permissions_user_id_permission_id_14a6b632_uniq" ON "auth_user_user_permissions" ("user_id", "permission_id");
CREATE INDEX IF NOT EXISTS "auth_user_user_permissions_user_id_a95ead1b" ON "auth_user_user_permissions" ("user_id");
CREATE INDEX IF NOT EXISTS "auth_user_user_permissions_permission_id_1fbb5f2c" ON "auth_user_user_permissions" ("permission_id");
CREATE INDEX IF NOT EXISTS "django_admin_log_content_type_id_c4bce8eb" ON "django_admin_log" ("content_type_id");
CREATE INDEX IF NOT EXISTS "django_admin_log_user_id_c564eba6" ON "django_admin_log" ("user_id");
CREATE UNIQUE INDEX "django_content_type_app_label_model_76bd3d3b_uniq" ON "django_content_type" ("app_label", "model");
CREATE UNIQUE INDEX "auth_permission_content_type_id_codename_01ab375a_uniq" ON "auth_permission" ("content_type_id", "codename");
CREATE INDEX IF NOT EXISTS "auth_permission_content_type_id_2f476e4b" ON "auth_permission" ("content_type_id");
CREATE INDEX IF NOT EXISTS "django_session_expire_date_a5c62663" ON "django_session" ("expire_date");
CREATE INDEX IF NOT EXISTS "blog_post_autor_id_8811ea21" ON "blog_post" ("autor_id");
CREATE UNIQUE INDEX "blog_post_categorias_post_id_categoria_id_70b54e48_uniq" ON "blog_post_categorias" ("post_id", "categoria_id");
CREATE INDEX IF NOT EXISTS "blog_post_categorias_post_id_212bf44c" ON "blog_post_categorias" ("post_id");
CREATE INDEX IF NOT EXISTS "blog_post_categorias_categoria_id_f3743c06" ON "blog_post_categorias" ("categoria_id");
CREATE INDEX IF NOT EXISTS "tienda_producto_categorias_id_462aa648" ON "tienda_producto" ("categorias_id");
CREATE INDEX IF NOT EXISTS "imagenes_imagen_fecha_subida_31bcc313" ON "imagenes_imagen" ("fecha_subida");
CREATE INDEX IF NOT EXISTS "imagenes_imagen_subida_por_id_094b5a58" ON "imagenes_imagen" ("subida_por_id");
CREATE TABLE IF NOT EXISTS "blog_categoria" ("id" integer NOT NULL PRIMARY KEY AUTOINCREMENT, "nombre" varchar(50) NOT NULL);
INSERT INTO "blog_categoria" VALUES(1,'DOMESTICA');
INSERT INTO "blog_categoria" VALUES(3,'BLANCO Y NEGRO');
INSERT INTO "blog_categoria" VALUES(4,'ZARAGOZA');
CREATE UNIQUE INDEX "auth_group_permissions_group_id_permission_id_0cd325b0_uniq" ON "auth_group_permissions" ("group_id", "permission_id");
CREATE INDEX IF NOT EXISTS "auth_group_permissions_group_id_b120cbf9" ON "auth_group_permissions" ("group_id");
CREATE INDEX IF NOT EXISTS "auth_group_permissions_permission_id_84c5c92e" ON "auth_group_permissions" ("permission_id");
CREATE UNIQUE INDEX "auth_user_groups_user_id_group_id_94350c0c_uniq" ON "auth_user_groups" ("user_id", "group_id");
CREATE INDEX IF NOT EXISTS "auth_user_groups_user_id_6a12ed8b" ON "auth_user_groups" ("user_id");
CREATE INDEX IF NOT EXISTS "auth_user_groups_group_id_97559544" ON "auth_user_groups" ("group_id");
CREATE UNIQUE INDEX "auth_user_user_permissions_user_id_permission_id_14a6b632_uniq" ON "auth_user_user_permissions" ("user_id", "permission_id");
CREATE INDEX IF NOT EXISTS "auth_user_user_permissions_user_id_a95ead1b" ON "auth_user_user_permissions" ("user_id");
CREATE INDEX IF NOT EXISTS "auth_user_user_permissions_permission_id_1fbb5f2c" ON "auth_user_user_permissions" ("permission_id");
CREATE INDEX IF NOT EXISTS "django_admin_log_content_type_id_c4bce8eb" ON "django_admin_log" ("content_type_id");
CREATE INDEX IF NOT EXISTS "django_admin_log_user_id_c564eba6" ON "django_admin_log" ("user_id");
CREATE UNIQUE INDEX "django_content_type_app_label_model_76bd3d3b_uniq" ON "django_content_type" ("app_label", "model");
CREATE UNIQUE INDEX "auth_permission_content_type_id_codename_01ab375a_uniq" ON "auth_permission" ("content_type_id", "codename");
CREATE INDEX IF NOT EXISTS "auth_permission_content_type_id_2f476e4b" ON "auth_permission" ("content_type_id");
CREATE INDEX IF NOT EXISTS "django_session_expire_date_a5c62663" ON "django_session" ("expire_date");
CREATE INDEX IF NOT EXISTS "blog_post_autor_id_8811ea21" ON "blog_post" ("autor_id");
CREATE UNIQUE INDEX "blog_post_categorias_post_id_categoria_id_70b54e48_uniq" ON "blog_post_categorias" ("post_id", "categoria_id");
CREATE INDEX IF NOT EXISTS "blog_post_categorias_post_id_212bf44c" ON "blog_post_categorias" ("post_id");
CREATE INDEX IF NOT EXISTS "blog_post_categorias_categoria_id_f3743c06" ON "blog_post_categorias" ("categoria_id");
CREATE INDEX IF NOT EXISTS "tienda_producto_categorias_id_462aa648" ON "tienda_producto" ("categorias_id");
CREATE INDEX IF NOT EXISTS "imagenes_imagen_fecha_subida_31bcc313" ON "imagenes_imagen" ("fecha_subida");
CREATE INDEX IF NOT EXISTS "imagenes_imagen_subida_por_id_094b5a58" ON "imagenes_imagen" ("subida_por_id");
CREATE TABLE IF NOT EXISTS "blog_post" ("id" integer NOT NULL PRIMARY KEY AUTOINCREMENT, "titulo" varchar(50) NOT NULL, "contenido" varchar(50) NOT NULL, "imagen" varchar(100) NULL, "autor_id" integer NOT NULL REFERENCES "auth_user" ("id") DEFERRABLE INITIALLY DEFERRED);
INSERT INTO "blog_post" VALUES(1,'FOTOGRAFIA Y VIDEO','EDICION','blog/5.png',2);
INSERT INTO "blog_post" VALUES(2,'PUENTE TERCER MILENIO','EXPO ZARAGOZA','blog/4.png',2);
CREATE UNIQUE INDEX "auth_group_permissions_group_id_permission_id_0cd325b0_uniq" ON "auth_group_permissions" ("group_id", "permission_id");
CREATE INDEX IF NOT EXISTS "auth_group_permissions_group_id_b120cbf9" ON "auth_group_permissions" ("group_id");
CREATE INDEX IF NOT EXISTS "auth_group_permissions_permission_id_84c5c92e" ON "auth_group_permissions" ("permission_id");
CREATE UNIQUE INDEX "auth_user_groups_user_id_group_id_94350c0c_uniq" ON "auth_user_groups" ("user_id", "group_id");
CREATE INDEX IF NOT EXISTS "auth_user_groups_user_id_6a12ed8b" ON "auth_user_groups" ("user_id");
CREATE INDEX IF NOT EXISTS "auth_user_groups_group_id_97559544" ON "auth_user_groups" ("group_id");
CREATE UNIQUE INDEX "auth_user_user_permissions_user_id_permission_id_14a6b632_uniq" ON "auth_user_user_permissions" ("user_id", "permission_id");
CREATE INDEX IF NOT EXISTS "auth_user_user_permissions_user_id_a95ead1b" ON "auth_user_user_permissions" ("user_id");
CREATE INDEX IF NOT EXISTS "auth_user_user_permissions_permission_id_1fbb5f2c" ON "auth_user_user_permissions" ("permission_id");
CREATE INDEX IF NOT EXISTS "django_admin_log_content_type_id_c4bce8eb" ON "django_admin_log" ("content_type_id");
CREATE INDEX IF NOT EXISTS "django_admin_log_user_id_c564eba6" ON "django_admin_log" ("user_id");
CREATE UNIQUE INDEX "django_content_type_app_label_model_76bd3d3b_uniq" ON "django_content_type" ("app_label", "model");
CREATE UNIQUE INDEX "auth_permission_content_type_id_codename_01ab375a_uniq" ON "auth_permission" ("content_type_id", "codename");
CREATE INDEX IF NOT EXISTS "auth_permission_content_type_id_2f476e4b" ON "auth_permission" ("content_type_id");
CREATE INDEX IF NOT EXISTS "django_session_expire_date_a5c62663" ON "django_session" ("expire_date");
CREATE INDEX IF NOT EXISTS "blog_post_autor_id_8811ea21" ON "blog_post" ("autor_id");
CREATE UNIQUE INDEX "blog_post_categorias_post_id_categoria_id_70b54e48_uniq" ON "blog_post_categorias" ("post_id", "categoria_id");
CREATE INDEX IF NOT EXISTS "blog_post_categorias_post_id_212bf44c" ON "blog_post_categorias" ("post_id");
CREATE INDEX IF NOT EXISTS "blog_post_categorias_categoria_id_f3743c06" ON "blog_post_categorias" ("categoria_id");
CREATE INDEX IF NOT EXISTS "tienda_producto_categorias_id_462aa648" ON "tienda_producto" ("categorias_id");
CREATE INDEX IF NOT EXISTS "imagenes_imagen_fecha_subida_31bcc313" ON "imagenes_imagen" ("fecha_subida");
CREATE INDEX IF NOT EXISTS "imagenes_imagen_subida_por_id_094b5a58" ON "imagenes_imagen" ("subida_por_id");
CREATE TABLE IF NOT EXISTS "blog_post_categorias" ("id" integer NOT NULL PRIMARY KEY AUTOINCREMENT, "post_id" bigint NOT NULL REFERENCES "blog_post" ("id") DEFERRABLE INITIALLY DEFERRED, "categoria_id" bigint NOT NULL REFERENCES "blog_categoria" ("id") DEFERRABLE INITIALLY DEFERRED);
INSERT INTO "blog_post_categorias" VALUES(1,1,1);
INSERT INTO "blog_post_categorias" VALUES(2,2,4);
CREATE UNIQUE INDEX "auth_group_permissions_group_id_permission_id_0cd325b0_uniq" ON "auth_group_permissions" ("group_id", "permission_id");
CREATE INDEX IF NOT EXISTS "auth_group_permissions_group_id_b120cbf9" ON "auth_group_permissions" ("group_id");
CREATE INDEX IF NOT EXISTS "auth_group_permissions_permission_id_84c5c92e" ON "auth_group_permissions" ("permission_id");
CREATE UNIQUE INDEX "auth_user_groups_user_id_group_id_94350c0c_uniq" ON "auth_user_groups" ("user_id", "group_id");
CREATE INDEX IF NOT EXISTS "auth_user_groups_user_id_6a12ed8b" ON "auth_user_groups" ("user_id");
CREATE INDEX IF NOT EXISTS "auth_user_groups_group_id_97559544" ON "auth_user_groups" ("group_id");
CREATE UNIQUE INDEX "auth_user_user_permissions_user_id_permission_id_14a6b632_uniq" ON "auth_user_user_permissions" ("user_id", "permission_id");
CREATE INDEX IF NOT EXISTS "auth_user_user_permissions_user_id_a95ead1b" ON "auth_user_user_permissions" ("user_id");
CREATE INDEX IF NOT EXISTS "auth_user_user_permissions_permission_id_1fbb5f2c" ON "auth_user_user_permissions" ("permission_id");
CREATE INDEX IF NOT EXISTS "django_admin_log_content_type_id_c4bce8eb" ON "django_admin_log" ("content_type_id");
CREATE INDEX IF NOT EXISTS "django_admin_log_user_id_c564eba6" ON "django_admin_log" ("user_id");
CREATE UNIQUE INDEX "django_content_type_app_label_model_76bd3d3b_uniq" ON "django_content_type" ("app_label", "model");
CREATE UNIQUE INDEX "auth_permission_content_type_id_codename_01ab375a_uniq" ON "auth_permission" ("content_type_id", "codename");
CREATE INDEX IF NOT EXISTS "auth_permission_content_type_id_2f476e4b" ON "auth_permission" ("content_type_id");
CREATE INDEX IF NOT EXISTS "django_session_expire_date_a5c62663" ON "django_session" ("expire_date");
CREATE INDEX IF NOT EXISTS "blog_post_autor_id_8811ea21" ON "blog_post" ("autor_id");
CREATE UNIQUE INDEX "blog_post_categorias_post_id_categoria_id_70b54e48_uniq" ON "blog_post_categorias" ("post_id", "categoria_id");
CREATE INDEX IF NOT EXISTS "blog_post_categorias_post_id_212bf44c" ON "blog_post_categorias" ("post_id");
CREATE INDEX IF NOT EXISTS "blog_post_categorias_categoria_id_f3743c06" ON "blog_post_categorias" ("categoria_id");
CREATE INDEX IF NOT EXISTS "tienda_producto_categorias_id_462aa648" ON "tienda_producto" ("categorias_id");
CREATE INDEX IF NOT EXISTS "imagenes_imagen_fecha_subida_31bcc313" ON "imagenes_imagen" ("fecha_subida");
CREATE INDEX IF NOT EXISTS "imagenes_imagen_subida_por_id_094b5a58" ON "imagenes_imagen" ("subida_por_id");
CREATE TABLE IF NOT EXISTS "django_admin_log" ("id" integer NOT NULL PRIMARY KEY AUTOINCREMENT, "action_time" datetime NOT NULL, "object_id" text NULL, "object_repr" varchar(200) NOT NULL, "change_message" text NOT NULL, "content_type_id" integer NULL REFERENCES "django_content_type" ("id") DEFERRABLE INITIALLY DEFERRED, "user_id" integer NOT NULL REFERENCES "auth_user" ("id") DEFERRABLE INITIALLY DEFERRED, "action_flag" smallint unsigned NOT NULL CHECK ("action_flag" >= 0));
INSERT INTO "django_admin_log" VALUES(1,'2021-11-19 14:26:02.698508','1','ROSAS','[{"added": {}}]',7,1,1);
INSERT INTO "django_admin_log" VALUES(2,'2021-11-19 14:26:52.930141','2','ROSAS ROSA','[{"added": {}}]',7,1,1);
INSERT INTO "django_admin_log" VALUES(3,'2021-11-19 14:28:57.912025','3','FLORES 3','[{"added": {}}]',7,1,1);
INSERT INTO "django_admin_log" VALUES(4,'2021-11-19 14:33:17.299071','4','PUENTE TERCER MILENIO','[{"added": {}}]',7,1,1);
INSERT INTO "django_admin_log" VALUES(5,'2021-11-19 14:33:36.741412','5','EXPO ZARAGOZA','[{"added": {}}]',7,1,1);
INSERT INTO "django_admin_log" VALUES(6,'2021-11-19 14:33:53.854853','6','MI LOGO','[{"added": {}}]',7,1,1);
INSERT INTO "django_admin_log" VALUES(7,'2021-11-19 18:39:53.605512','7','FAMILIA','[{"added": {}}]',7,1,1);
INSERT INTO "django_admin_log" VALUES(8,'2021-11-19 18:42:22.365005','8','MARISA','[{"added": {}}]',7,1,1);
INSERT INTO "django_admin_log" VALUES(9,'2021-11-19 18:42:39.618333','9','PUENTE TERCER MILENIO','[{"added": {}}]',7,1,1);
INSERT INTO "django_admin_log" VALUES(10,'2021-11-19 18:42:56.956630','10','EXPO ZARAGOZA','[{"added": {}}]',7,1,1);
INSERT INTO "django_admin_log" VALUES(11,'2021-11-19 18:43:23.834952','11','LOGO_EDITADOBYMARISAMIGUEL','[{"added": {}}]',7,1,1);
INSERT INTO "django_admin_log" VALUES(12,'2021-11-19 18:44:56.770051','1','ROSAS','',7,1,3);
INSERT INTO "django_admin_log" VALUES(13,'2021-11-19 18:45:05.369923','2','ROSAS ROSA','',7,1,3);
INSERT INTO "django_admin_log" VALUES(14,'2021-11-19 18:45:09.753860','3','FLORES 3','',7,1,3);
INSERT INTO "django_admin_log" VALUES(15,'2021-11-19 18:45:15.178806','4','PUENTE TERCER MILENIO','',7,1,3);
INSERT INTO "django_admin_log" VALUES(16,'2021-11-19 18:45:19.868838','5','EXPO ZARAGOZA','',7,1,3);
INSERT INTO "django_admin_log" VALUES(17,'2021-11-19 18:45:24.386083','6','MI LOGO','',7,1,3);
INSERT INTO "django_admin_log" VALUES(18,'2021-11-19 18:46:34.508819','12','LOGO_EDITADOBYMARISAMIGUEL1','[{"added": {}}]',7,1,1);
INSERT INTO "django_admin_log" VALUES(19,'2021-11-19 18:47:07.508634','11','LOGO_EDITADOBYMARISAMIGUEL','',7,1,3);
INSERT INTO "django_admin_log" VALUES(20,'2021-11-19 19:04:37.494849','13','FLORES PARQUE','[{"added": {}}]',7,1,1);
INSERT INTO "django_admin_log" VALUES(21,'2021-11-19 19:05:51.875184','14','AINSA','[{"added": {}}]',7,1,1);
INSERT INTO "django_admin_log" VALUES(22,'2021-11-19 19:06:58.211279','12','LOGO_EDITADOBYMARISAMIGUEL1','',7,1,3);
INSERT INTO "django_admin_log" VALUES(23,'2021-11-19 19:07:22.247807','15','LOGO_EDITADOBYMARISAMIGUEL','[{"added": {}}]',7,1,1);
INSERT INTO "django_admin_log" VALUES(24,'2021-11-20 11:56:16.039250','1','DOMESTICA','[{"added": {}}]',8,1,1);
INSERT INTO "django_admin_log" VALUES(25,'2021-11-20 11:58:41.055444','2','marisamiguel','[{"added": {}}]',4,1,1);
INSERT INTO "django_admin_log" VALUES(26,'2021-11-20 11:59:00.764069','1','FOTOGRAFIA Y VIDEO','[{"added": {}}]',9,1,1);
INSERT INTO "django_admin_log" VALUES(27,'2021-11-20 12:02:25.599911','2','marisamiguel','[{"changed": {"fields": ["password"]}}]',4,1,2);
INSERT INTO "django_admin_log" VALUES(28,'2021-11-20 12:02:26.894911','2','marisamiguel','[{"changed": {"fields": ["password"]}}]',4,1,2);
INSERT INTO "django_admin_log" VALUES(29,'2021-11-20 12:03:54.093116','2','marisamiguel','[{"changed": {"fields": ["First name", "Last name", "Email address", "Staff status", "Superuser status", "Last login"]}}]',4,1,2);
INSERT INTO "django_admin_log" VALUES(30,'2021-11-21 11:50:05.116181','2','DOMESTICA','[{"added": {}}]',8,2,1);
INSERT INTO "django_admin_log" VALUES(31,'2021-11-21 11:50:19.592273','3','BLANCO Y NEGRO','[{"added": {}}]',8,2,1);
INSERT INTO "django_admin_log" VALUES(32,'2021-11-21 11:50:31.382251','2','DOMESTICA','',8,2,3);
INSERT INTO "django_admin_log" VALUES(33,'2021-11-21 13:35:38.577044','4','ZARAGOZA','[{"added": {}}]',8,2,1);
INSERT INTO "django_admin_log" VALUES(34,'2021-11-21 13:35:42.105108','2','PUENTE TERCER MILENIO','[{"added": {}}]',9,2,1);
INSERT INTO "django_admin_log" VALUES(35,'2021-11-23 12:19:31.061200','1','CategoriaProd object (1)','[{"added": {}}]',11,2,1);
INSERT INTO "django_admin_log" VALUES(36,'2021-11-23 12:19:44.605593','2','CategoriaProd object (2)','[{"added": {}}]',11,2,1);
INSERT INTO "django_admin_log" VALUES(37,'2021-11-23 12:20:28.397420','2','CategoriaProd object (2)','[]',11,2,2);
INSERT INTO "django_admin_log" VALUES(38,'2021-11-23 12:20:57.449424','2','CategoriaProd object (2)','[]',11,2,2);
INSERT INTO "django_admin_log" VALUES(39,'2021-11-23 12:21:31.156501','2','CategoriaProd object (2)','[]',11,2,2);
INSERT INTO "django_admin_log" VALUES(40,'2021-11-23 12:21:45.722886','3','CategoriaProd object (3)','[{"added": {}}]',11,2,1);
INSERT INTO "django_admin_log" VALUES(41,'2021-11-23 12:22:38.411116','1','Producto object (1)','[{"added": {}}]',10,2,1);
INSERT INTO "django_admin_log" VALUES(42,'2021-11-23 12:45:25.232751','2','Producto object (2)','[{"added": {}}]',10,2,1);
INSERT INTO "django_admin_log" VALUES(43,'2021-11-23 13:16:37.377933','3','Producto object (3)','[{"added": {}}]',10,2,1);
INSERT INTO "django_admin_log" VALUES(44,'2021-11-23 13:21:20.916548','4','Producto object (4)','[{"added": {}}]',10,2,1);
INSERT INTO "django_admin_log" VALUES(45,'2021-11-23 13:21:48.745781','4','Producto object (4)','[]',10,2,2);
INSERT INTO "django_admin_log" VALUES(46,'2021-11-23 13:28:13.138511','4','Producto object (4)','',10,2,3);
INSERT INTO "django_admin_log" VALUES(47,'2021-11-23 13:30:16.764384','5','Producto object (5)','[{"added": {}}]',10,2,1);
INSERT INTO "django_admin_log" VALUES(48,'2021-11-23 13:31:45.589047','2','Producto object (2)','[{"changed": {"fields": ["Precio"]}}]',10,2,2);
INSERT INTO "django_admin_log" VALUES(49,'2021-11-23 13:31:55.730249','1','Producto object (1)','[{"changed": {"fields": ["Precio"]}}]',10,2,2);
INSERT INTO "django_admin_log" VALUES(50,'2021-11-24 19:15:22.488923','6','Producto object (6)','[{"added": {}}]',10,2,1);
INSERT INTO "django_admin_log" VALUES(51,'2021-11-24 19:16:19.378931','16','ESCULTURA','[{"added": {}}]',7,2,1);
INSERT INTO "django_admin_log" VALUES(52,'2021-11-24 19:17:41.713898','15','LOGO_EDITADOBYMARISAMIGUEL','',7,2,3);
INSERT INTO "django_admin_log" VALUES(53,'2021-11-24 22:34:32.698225','7','Producto object (7)','[{"added": {}}]',10,2,1);
INSERT INTO "django_admin_log" VALUES(54,'2021-11-24 22:35:03.594904','17','PUENTE TERCER MILENIO','[{"added": {}}]',7,2,1);
INSERT INTO "django_admin_log" VALUES(55,'2021-11-24 23:34:11.605741','8','Producto object (8)','[{"added": {}}]',10,2,1);
INSERT INTO "django_admin_log" VALUES(56,'2021-11-24 23:34:59.582000','18','TORRE DEL AGUA','[{"added": {}}]',7,2,1);
INSERT INTO "django_admin_log" VALUES(57,'2021-12-07 14:22:21.840416','4','alumno','[{"added": {}}]',4,2,1);
INSERT INTO "django_admin_log" VALUES(58,'2021-12-07 14:22:59.060035','4','alumno','',4,2,3);
INSERT INTO "django_admin_log" VALUES(59,'2021-12-07 14:27:03.214184','5','luismorillas','[{"added": {}}]',4,2,1);
INSERT INTO "django_admin_log" VALUES(60,'2021-12-07 14:27:31.554161','5','luismorillas','[]',4,2,2);
INSERT INTO "django_admin_log" VALUES(61,'2021-12-07 14:33:14.159843','6','marisadwes','[{"added": {}}]',4,2,1);
INSERT INTO "django_admin_log" VALUES(62,'2021-12-07 14:33:46.213443','6','marisadwes','[{"changed": {"fields": ["First name", "Last name", "Staff status"]}}]',4,2,2);
INSERT INTO "django_admin_log" VALUES(63,'2021-12-22 11:24:31.237717','2','MarisaMiguel_logoflor','[{"changed": {"fields": ["T\u00edtulo"]}}]',12,2,2);
INSERT INTO "django_admin_log" VALUES(64,'2021-12-22 11:24:50.201342','1','MarisaMiguel_florbyn','[{"changed": {"fields": ["T\u00edtulo"]}}]',12,2,2);
CREATE UNIQUE INDEX "auth_group_permissions_group_id_permission_id_0cd325b0_uniq" ON "auth_group_permissions" ("group_id", "permission_id");
CREATE INDEX IF NOT EXISTS "auth_group_permissions_group_id_b120cbf9" ON "auth_group_permissions" ("group_id");
CREATE INDEX IF NOT EXISTS "auth_group_permissions_permission_id_84c5c92e" ON "auth_group_permissions" ("permission_id");
CREATE UNIQUE INDEX "auth_user_groups_user_id_group_id_94350c0c_uniq" ON "auth_user_groups" ("user_id", "group_id");
CREATE INDEX IF NOT EXISTS "auth_user_groups_user_id_6a12ed8b" ON "auth_user_groups" ("user_id");
CREATE INDEX IF NOT EXISTS "auth_user_groups_group_id_97559544" ON "auth_user_groups" ("group_id");
CREATE UNIQUE INDEX "auth_user_user_permissions_user_id_permission_id_14a6b632_uniq" ON "auth_user_user_permissions" ("user_id", "permission_id");
CREATE INDEX IF NOT EXISTS "auth_user_user_permissions_user_id_a95ead1b" ON "auth_user_user_permissions" ("user_id");
CREATE INDEX IF NOT EXISTS "auth_user_user_permissions_permission_id_1fbb5f2c" ON "auth_user_user_permissions" ("permission_id");
CREATE INDEX IF NOT EXISTS "django_admin_log_content_type_id_c4bce8eb" ON "django_admin_log" ("content_type_id");
CREATE INDEX IF NOT EXISTS "django_admin_log_user_id_c564eba6" ON "django_admin_log" ("user_id");
CREATE UNIQUE INDEX "django_content_type_app_label_model_76bd3d3b_uniq" ON "django_content_type" ("app_label", "model");
CREATE UNIQUE INDEX "auth_permission_content_type_id_codename_01ab375a_uniq" ON "auth_permission" ("content_type_id", "codename");
CREATE INDEX IF NOT EXISTS "auth_permission_content_type_id_2f476e4b" ON "auth_permission" ("content_type_id");
CREATE INDEX IF NOT EXISTS "django_session_expire_date_a5c62663" ON "django_session" ("expire_date");
CREATE INDEX IF NOT EXISTS "blog_post_autor_id_8811ea21" ON "blog_post" ("autor_id");
CREATE UNIQUE INDEX "blog_post_categorias_post_id_categoria_id_70b54e48_uniq" ON "blog_post_categorias" ("post_id", "categoria_id");
CREATE INDEX IF NOT EXISTS "blog_post_categorias_post_id_212bf44c" ON "blog_post_categorias" ("post_id");
CREATE INDEX IF NOT EXISTS "blog_post_categorias_categoria_id_f3743c06" ON "blog_post_categorias" ("categoria_id");
CREATE INDEX IF NOT EXISTS "tienda_producto_categorias_id_462aa648" ON "tienda_producto" ("categorias_id");
CREATE INDEX IF NOT EXISTS "imagenes_imagen_fecha_subida_31bcc313" ON "imagenes_imagen" ("fecha_subida");
CREATE INDEX IF NOT EXISTS "imagenes_imagen_subida_por_id_094b5a58" ON "imagenes_imagen" ("subida_por_id");
CREATE TABLE IF NOT EXISTS "django_content_type" ("id" integer NOT NULL PRIMARY KEY AUTOINCREMENT, "app_label" varchar(100) NOT NULL, "model" varchar(100) NOT NULL);
INSERT INTO "django_content_type" VALUES(1,'admin','logentry');
INSERT INTO "django_content_type" VALUES(2,'auth','permission');
INSERT INTO "django_content_type" VALUES(3,'auth','group');
INSERT INTO "django_content_type" VALUES(4,'auth','user');
INSERT INTO "django_content_type" VALUES(5,'contenttypes','contenttype');
INSERT INTO "django_content_type" VALUES(6,'sessions','session');
INSERT INTO "django_content_type" VALUES(7,'servicios','servicio');
INSERT INTO "django_content_type" VALUES(8,'blog','categoria');
INSERT INTO "django_content_type" VALUES(9,'blog','post');
INSERT INTO "django_content_type" VALUES(10,'tienda','producto');
INSERT INTO "django_content_type" VALUES(11,'tienda','categoriaprod');
INSERT INTO "django_content_type" VALUES(12,'imagenes','imagen');
CREATE UNIQUE INDEX "auth_group_permissions_group_id_permission_id_0cd325b0_uniq" ON "auth_group_permissions" ("group_id", "permission_id");
CREATE INDEX IF NOT EXISTS "auth_group_permissions_group_id_b120cbf9" ON "auth_group_permissions" ("group_id");
CREATE INDEX IF NOT EXISTS "auth_group_permissions_permission_id_84c5c92e" ON "auth_group_permissions" ("permission_id");
CREATE UNIQUE INDEX "auth_user_groups_user_id_group_id_94350c0c_uniq" ON "auth_user_groups" ("user_id", "group_id");
CREATE INDEX IF NOT EXISTS "auth_user_groups_user_id_6a12ed8b" ON "auth_user_groups" ("user_id");
CREATE INDEX IF NOT EXISTS "auth_user_groups_group_id_97559544" ON "auth_user_groups" ("group_id");
CREATE UNIQUE INDEX "auth_user_user_permissions_user_id_permission_id_14a6b632_uniq" ON "auth_user_user_permissions" ("user_id", "permission_id");
CREATE INDEX IF NOT EXISTS "auth_user_user_permissions_user_id_a95ead1b" ON "auth_user_user_permissions" ("user_id");
CREATE INDEX IF NOT EXISTS "auth_user_user_permissions_permission_id_1fbb5f2c" ON "auth_user_user_permissions" ("permission_id");
CREATE INDEX IF NOT EXISTS "django_admin_log_content_type_id_c4bce8eb" ON "django_admin_log" ("content_type_id");
CREATE INDEX IF NOT EXISTS "django_admin_log_user_id_c564eba6" ON "django_admin_log" ("user_id");
CREATE UNIQUE INDEX "django_content_type_app_label_model_76bd3d3b_uniq" ON "django_content_type" ("app_label", "model");
CREATE UNIQUE INDEX "auth_permission_content_type_id_codename_01ab375a_uniq" ON "auth_permission" ("content_type_id", "codename");
CREATE INDEX IF NOT EXISTS "auth_permission_content_type_id_2f476e4b" ON "auth_permission" ("content_type_id");
CREATE INDEX IF NOT EXISTS "django_session_expire_date_a5c62663" ON "django_session" ("expire_date");
CREATE INDEX IF NOT EXISTS "blog_post_autor_id_8811ea21" ON "blog_post" ("autor_id");
CREATE UNIQUE INDEX "blog_post_categorias_post_id_categoria_id_70b54e48_uniq" ON "blog_post_categorias" ("post_id", "categoria_id");
CREATE INDEX IF NOT EXISTS "blog_post_categorias_post_id_212bf44c" ON "blog_post_categorias" ("post_id");
CREATE INDEX IF NOT EXISTS "blog_post_categorias_categoria_id_f3743c06" ON "blog_post_categorias" ("categoria_id");
CREATE INDEX IF NOT EXISTS "tienda_producto_categorias_id_462aa648" ON "tienda_producto" ("categorias_id");
CREATE INDEX IF NOT EXISTS "imagenes_imagen_fecha_subida_31bcc313" ON "imagenes_imagen" ("fecha_subida");
CREATE INDEX IF NOT EXISTS "imagenes_imagen_subida_por_id_094b5a58" ON "imagenes_imagen" ("subida_por_id");
CREATE TABLE IF NOT EXISTS "django_migrations" ("id" integer NOT NULL PRIMARY KEY AUTOINCREMENT, "app" varchar(255) NOT NULL, "name" varchar(255) NOT NULL, "applied" datetime NOT NULL);
INSERT INTO "django_migrations" VALUES(1,'contenttypes','0001_initial','2021-11-16 14:03:26.302549');
INSERT INTO "django_migrations" VALUES(2,'auth','0001_initial','2021-11-16 14:03:26.380674');
INSERT INTO "django_migrations" VALUES(3,'admin','0001_initial','2021-11-16 14:03:26.411923');
INSERT INTO "django_migrations" VALUES(4,'admin','0002_logentry_remove_auto_add','2021-11-16 14:03:26.443168');
INSERT INTO "django_migrations" VALUES(5,'admin','0003_logentry_add_action_flag_choices','2021-11-16 14:03:26.474422');
INSERT INTO "django_migrations" VALUES(6,'contenttypes','0002_remove_content_type_name','2021-11-16 14:03:26.521298');
INSERT INTO "django_migrations" VALUES(7,'auth','0002_alter_permission_name_max_length','2021-11-16 14:03:26.552546');
INSERT INTO "django_migrations" VALUES(8,'auth','0003_alter_user_email_max_length','2021-11-16 14:03:26.583798');
INSERT INTO "django_migrations" VALUES(9,'auth','0004_alter_user_username_opts','2021-11-16 14:03:26.599420');
INSERT INTO "django_migrations" VALUES(10,'auth','0005_alter_user_last_login_null','2021-11-16 14:03:26.630672');
INSERT INTO "django_migrations" VALUES(11,'auth','0006_require_contenttypes_0002','2021-11-16 14:03:26.646295');
INSERT INTO "django_migrations" VALUES(12,'auth','0007_alter_validators_add_error_messages','2021-11-16 14:03:26.661921');
INSERT INTO "django_migrations" VALUES(13,'auth','0008_alter_user_username_max_length','2021-11-16 14:03:26.693174');
INSERT INTO "django_migrations" VALUES(14,'auth','0009_alter_user_last_name_max_length','2021-11-16 14:03:26.724420');
INSERT INTO "django_migrations" VALUES(15,'auth','0010_alter_group_name_max_length','2021-11-16 14:03:26.755674');
INSERT INTO "django_migrations" VALUES(16,'auth','0011_update_proxy_permissions','2021-11-16 14:03:26.771298');
INSERT INTO "django_migrations" VALUES(17,'auth','0012_alter_user_first_name_max_length','2021-11-16 14:03:26.802547');
INSERT INTO "django_migrations" VALUES(18,'sessions','0001_initial','2021-11-16 14:03:26.833800');
INSERT INTO "django_migrations" VALUES(19,'servicios','0001_initial','2021-11-19 14:24:48.174037');
INSERT INTO "django_migrations" VALUES(20,'blog','0001_initial','2021-11-20 11:52:14.624597');
INSERT INTO "django_migrations" VALUES(21,'tienda','0001_initial','2021-11-23 12:07:13.567041');
INSERT INTO "django_migrations" VALUES(22,'imagenes','0001_initial','2021-11-29 01:06:50.344583');
INSERT INTO "django_migrations" VALUES(23,'imagenes','0002_alter_imagen_options','2021-12-08 17:44:59.790683');
CREATE UNIQUE INDEX "auth_group_permissions_group_id_permission_id_0cd325b0_uniq" ON "auth_group_permissions" ("group_id", "permission_id");
CREATE INDEX IF NOT EXISTS "auth_group_permissions_group_id_b120cbf9" ON "auth_group_permissions" ("group_id");
CREATE INDEX IF NOT EXISTS "auth_group_permissions_permission_id_84c5c92e" ON "auth_group_permissions" ("permission_id");
CREATE UNIQUE INDEX "auth_user_groups_user_id_group_id_94350c0c_uniq" ON "auth_user_groups" ("user_id", "group_id");
CREATE INDEX IF NOT EXISTS "auth_user_groups_user_id_6a12ed8b" ON "auth_user_groups" ("user_id");
CREATE INDEX IF NOT EXISTS "auth_user_groups_group_id_97559544" ON "auth_user_groups" ("group_id");
CREATE UNIQUE INDEX "auth_user_user_permissions_user_id_permission_id_14a6b632_uniq" ON "auth_user_user_permissions" ("user_id", "permission_id");
CREATE INDEX IF NOT EXISTS "auth_user_user_permissions_user_id_a95ead1b" ON "auth_user_user_permissions" ("user_id");
CREATE INDEX IF NOT EXISTS "auth_user_user_permissions_permission_id_1fbb5f2c" ON "auth_user_user_permissions" ("permission_id");
CREATE INDEX IF NOT EXISTS "django_admin_log_content_type_id_c4bce8eb" ON "django_admin_log" ("content_type_id");
CREATE INDEX IF NOT EXISTS "django_admin_log_user_id_c564eba6" ON "django_admin_log" ("user_id");
CREATE UNIQUE INDEX "django_content_type_app_label_model_76bd3d3b_uniq" ON "django_content_type" ("app_label", "model");
CREATE UNIQUE INDEX "auth_permission_content_type_id_codename_01ab375a_uniq" ON "auth_permission" ("content_type_id", "codename");
CREATE INDEX IF NOT EXISTS "auth_permission_content_type_id_2f476e4b" ON "auth_permission" ("content_type_id");
CREATE INDEX IF NOT EXISTS "django_session_expire_date_a5c62663" ON "django_session" ("expire_date");
CREATE INDEX IF NOT EXISTS "blog_post_autor_id_8811ea21" ON "blog_post" ("autor_id");
CREATE UNIQUE INDEX "blog_post_categorias_post_id_categoria_id_70b54e48_uniq" ON "blog_post_categorias" ("post_id", "categoria_id");
CREATE INDEX IF NOT EXISTS "blog_post_categorias_post_id_212bf44c" ON "blog_post_categorias" ("post_id");
CREATE INDEX IF NOT EXISTS "blog_post_categorias_categoria_id_f3743c06" ON "blog_post_categorias" ("categoria_id");
CREATE INDEX IF NOT EXISTS "tienda_producto_categorias_id_462aa648" ON "tienda_producto" ("categorias_id");
CREATE INDEX IF NOT EXISTS "imagenes_imagen_fecha_subida_31bcc313" ON "imagenes_imagen" ("fecha_subida");
CREATE INDEX IF NOT EXISTS "imagenes_imagen_subida_por_id_094b5a58" ON "imagenes_imagen" ("subida_por_id");
CREATE TABLE IF NOT EXISTS "django_session" ("session_key" varchar(40) NOT NULL PRIMARY KEY, "session_data" text NOT NULL, "expire_date" datetime NOT NULL);
INSERT INTO "django_session" VALUES('9fzxfwkl2i0f28g0ozaoi01wsvs5whz6','.eJxVjMsOwiAQRf-FtSHlMUNx6b7fQIAZpWogKe3K-O_apAvd3nPOfYkQt7WErfMSZhJnocTpd0sxP7jugO6x3prMra7LnOSuyIN2OTXi5-Vw_w5K7OVbY9KorXdDIqftVUevGECPyiU2FmweUKHPDCYpNJAJFLI1lMmPDh2I9we2yja_:1mnMRZ:rtxpkpH9yBcrINXQhaspcEcoAyyL856C1dxphQXhkzY','2021-12-01 15:01:49.190496');
INSERT INTO "django_session" VALUES('zrf98ml34gguoqukji1svdg1xa1vy3dd','.eJxVjMsOwiAQRf-FtSHlMUNx6b7fQIAZpWogKe3K-O_apAvd3nPOfYkQt7WErfMSZhJnocTpd0sxP7jugO6x3prMra7LnOSuyIN2OTXi5-Vw_w5K7OVbY9KorXdDIqftVUevGECPyiU2FmweUKHPDCYpNJAJFLI1lMmPDh2I9we2yja_:1mo4pH:_biMZvZ88PHLv81rSOLiYl-hLnoMNwl-JF6dYUSNUws','2021-12-03 14:25:15.529555');
INSERT INTO "django_session" VALUES('doau0pag7qceha2si1dre3wjnmzl0ck2','.eJxVjDsOwyAQBe9CHSEEyy9l-pwBLSwEJxFIxq6s3D1CcpG0b2bewQLuWw37yGtYiF2ZZJffLWJ65TYBPbE9Ok-9besS-VT4SQe_d8rv2-n-HVQcddbCKwUIongJVlhrS9JaZpJCShWT8UqAweQsGK0tgTNAhTD6pJWLnn2-s8w28w:1moP6L:6HYQrbdxjm00EkS0ZTMiNo4KBOwPpWOUCdhfJjDKmbo','2021-12-04 12:04:13.584310');
INSERT INTO "django_session" VALUES('emb2nzybwaijlzj82li6qo9a6m9wstmm','.eJxVjDsOwyAQBe9CHSEEyy9l-pwBLSwEJxFIxq6s3D1CcpG0b2bewQLuWw37yGtYiF2ZZJffLWJ65TYBPbE9Ok-9besS-VT4SQe_d8rv2-n-HVQcddbCKwUIongJVlhrS9JaZpJCShWT8UqAweQsGK0tgTNAhTD6pJWLnn2-s8w28w:1mpUl6:-hKjgVqcOEw8kziAQvbRsbMfamqbONgCCowX-Louf58','2021-12-07 12:18:48.695986');
INSERT INTO "django_session" VALUES('ovcrbxqbitarrdg7ny0so90wq3qax095','.eJxVjE0OwiAYBe_C2pCWf1y69wwE-B5SNTQp7cp4d23ShW7fzLwXC3Fba9g6ljAROzPBTr9bivmBtgO6x3abeZ7bukyJ7wo_aOfXmfC8HO7fQY29fmuvpIYQugDZyjKSBY3WOEjjhqK8wyCthC9CZ48kfEreqFKQAaIs2fsD5nM4vg:1mq0pP:r-Uma7YvluXuF7qEeU7ehXUuFLU1y-ijVkf9Va2Mnxs','2021-12-08 22:33:23.114016');
INSERT INTO "django_session" VALUES('rfscko9eea0pwgmqn5dpnn44kv5vl7vb','.eJxVjE0OwiAYBe_C2pCWf1y69wwE-B5SNTQp7cp4d23ShW7fzLwXC3Fba9g6ljAROzPBTr9bivmBtgO6x3abeZ7bukyJ7wo_aOfXmfC8HO7fQY29fmuvpIYQugDZyjKSBY3WOEjjhqK8wyCthC9CZ48kfEreqFKQAaIs2fsD5nM4vg:1mq1lV:I9nQEiy74PQnULD0WQePlxM1l4mvtyoTFf7619NIeto','2021-12-08 23:33:25.655104');
INSERT INTO "django_session" VALUES('94mubnzpn6bf1hgxa8cd1b00tnbqqfhg','.eJxVjE0OwiAYBe_C2pCWf1y69wwE-B5SNTQp7cp4d23ShW7fzLwXC3Fba9g6ljAROzPBTr9bivmBtgO6x3abeZ7bukyJ7wo_aOfXmfC8HO7fQY29fmuvpIYQugDZyjKSBY3WOEjjhqK8wyCthC9CZ48kfEreqFKQAaIs2fsD5nM4vg:1mq2Gy:G-sCvFa58GriWCQ6KTJcKnJf7LSWgDnTVGlqqmtGvEo','2021-12-09 00:05:56.667457');
INSERT INTO "django_session" VALUES('3h2sdcqtnhfl5dhlsinj6dcakmhzdnzh','.eJxVjDsOwjAQBe_iGlk2_lPS5wzW7nqDA8iR4qRC3B0ipYD2zcx7iQzbWvPWeclTERfhxel3Q6AHtx2UO7TbLGlu6zKh3BV50C6HufDzerh_BxV6_dbKO68RI_kUg0leUwzFBBVZjQrOFpnAJKMgALIOFGwqluPIxjlMlsX7A80KN7g:1muzDH:68urCdST8Tzf4uzK519xEdqqJop70exO2d7LJm74tLw','2021-12-22 15:50:35.411427');
INSERT INTO "django_session" VALUES('yxvz4x0vp8wtdze9t628uirrohgf05yk','.eJxVjDsOwjAQBe_iGlk2_lPS5wzW7nqDA8iR4qRC3B0ipYD2zcx7iQzbWvPWeclTERfhxel3Q6AHtx2UO7TbLGlu6zKh3BV50C6HufDzerh_BxV6_dbKO68RI_kUg0leUwzFBBVZjQrOFpnAJKMgALIOFGwqluPIxjlMlsX7A80KN7g:1mv1d6:F88JHO9hIqSvFaLcy2RkzDAWv3swD5LaYlSRn0Q5pLU','2021-12-22 18:25:24.351541');
INSERT INTO "django_session" VALUES('qowga7zmr7gq0s5p7j57rnu1b0jmute5','.eJxVjE0OwiAYBe_C2pCWf1y69wwE-B5SNTQp7cp4d23ShW7fzLwXC3Fba9g6ljAROzPBTr9bivmBtgO6x3abeZ7bukyJ7wo_aOfXmfC8HO7fQY29fmuvpIYQugDZyjKSBY3WOEjjhqK8wyCthC9CZ48kfEreqFKQAaIs2fsD5nM4vg:1mz1hB:8NP7kwUwkYbfax5nCgglKg_ACWcbYuTVlTdcxaTZitA','2022-01-02 19:18:09.526999');
INSERT INTO "django_session" VALUES('4m7eo149fj2box21rnhn2yhg0ef03ark','.eJxVjE0OwiAYBe_C2pCWf1y69wwE-B5SNTQp7cp4d23ShW7fzLwXC3Fba9g6ljAROzPBTr9bivmBtgO6x3abeZ7bukyJ7wo_aOfXmfC8HO7fQY29fmuvpIYQugDZyjKSBY3WOEjjhqK8wyCthC9CZ48kfEreqFKQAaIs2fsD5nM4vg:1n1EcK:fnt0jrrUDsh1loLqp2A1VMhF9v27pDU4mOLfIsQ62do','2022-01-08 21:30:16.451165');
CREATE UNIQUE INDEX "auth_group_permissions_group_id_permission_id_0cd325b0_uniq" ON "auth_group_permissions" ("group_id", "permission_id");
CREATE INDEX IF NOT EXISTS "auth_group_permissions_group_id_b120cbf9" ON "auth_group_permissions" ("group_id");
CREATE INDEX IF NOT EXISTS "auth_group_permissions_permission_id_84c5c92e" ON "auth_group_permissions" ("permission_id");
CREATE UNIQUE INDEX "auth_user_groups_user_id_group_id_94350c0c_uniq" ON "auth_user_groups" ("user_id", "group_id");
CREATE INDEX IF NOT EXISTS "auth_user_groups_user_id_6a12ed8b" ON "auth_user_groups" ("user_id");
CREATE INDEX IF NOT EXISTS "auth_user_groups_group_id_97559544" ON "auth_user_groups" ("group_id");
CREATE UNIQUE INDEX "auth_user_user_permissions_user_id_permission_id_14a6b632_uniq" ON "auth_user_user_permissions" ("user_id", "permission_id");
CREATE INDEX IF NOT EXISTS "auth_user_user_permissions_user_id_a95ead1b" ON "auth_user_user_permissions" ("user_id");
CREATE INDEX IF NOT EXISTS "auth_user_user_permissions_permission_id_1fbb5f2c" ON "auth_user_user_permissions" ("permission_id");
CREATE INDEX IF NOT EXISTS "django_admin_log_content_type_id_c4bce8eb" ON "django_admin_log" ("content_type_id");
CREATE INDEX IF NOT EXISTS "django_admin_log_user_id_c564eba6" ON "django_admin_log" ("user_id");
CREATE UNIQUE INDEX "django_content_type_app_label_model_76bd3d3b_uniq" ON "django_content_type" ("app_label", "model");
CREATE UNIQUE INDEX "auth_permission_content_type_id_codename_01ab375a_uniq" ON "auth_permission" ("content_type_id", "codename");
CREATE INDEX IF NOT EXISTS "auth_permission_content_type_id_2f476e4b" ON "auth_permission" ("content_type_id");
CREATE INDEX IF NOT EXISTS "django_session_expire_date_a5c62663" ON "django_session" ("expire_date");
CREATE INDEX IF NOT EXISTS "blog_post_autor_id_8811ea21" ON "blog_post" ("autor_id");
CREATE UNIQUE INDEX "blog_post_categorias_post_id_categoria_id_70b54e48_uniq" ON "blog_post_categorias" ("post_id", "categoria_id");
CREATE INDEX IF NOT EXISTS "blog_post_categorias_post_id_212bf44c" ON "blog_post_categorias" ("post_id");
CREATE INDEX IF NOT EXISTS "blog_post_categorias_categoria_id_f3743c06" ON "blog_post_categorias" ("categoria_id");
CREATE INDEX IF NOT EXISTS "tienda_producto_categorias_id_462aa648" ON "tienda_producto" ("categorias_id");
CREATE INDEX IF NOT EXISTS "imagenes_imagen_fecha_subida_31bcc313" ON "imagenes_imagen" ("fecha_subida");
CREATE INDEX IF NOT EXISTS "imagenes_imagen_subida_por_id_094b5a58" ON "imagenes_imagen" ("subida_por_id");
CREATE TABLE IF NOT EXISTS "imagenes_imagen" ("id" integer NOT NULL PRIMARY KEY AUTOINCREMENT, "titulo" varchar(255) NOT NULL, "file" varchar(100) NOT NULL, "ancho" integer NOT NULL, "alto" integer NOT NULL, "fecha_subida" datetime NULL, "subida_por_id" integer NULL REFERENCES "auth_user" ("id") DEFERRABLE INITIALLY DEFERRED);
INSERT INTO "imagenes_imagen" VALUES(1,'MarisaMiguel_florbyn','imagenes/2021/11/29/5.png',1350,650,'2021-11-29 01:29:22.176184',NULL);
INSERT INTO "imagenes_imagen" VALUES(2,'MarisaMiguel_logoflor','imagenes/2021/12/05/logoflor.png',500,500,'2021-12-05 17:49:12.711879',NULL);
INSERT INTO "imagenes_imagen" VALUES(3,'MarisaMiguel_estructura','imagenes/2021/12/18/9.jpg',1350,650,'2021-12-18 16:12:39.497580',6);
CREATE UNIQUE INDEX "auth_group_permissions_group_id_permission_id_0cd325b0_uniq" ON "auth_group_permissions" ("group_id", "permission_id");
CREATE INDEX IF NOT EXISTS "auth_group_permissions_group_id_b120cbf9" ON "auth_group_permissions" ("group_id");
CREATE INDEX IF NOT EXISTS "auth_group_permissions_permission_id_84c5c92e" ON "auth_group_permissions" ("permission_id");
CREATE UNIQUE INDEX "auth_user_groups_user_id_group_id_94350c0c_uniq" ON "auth_user_groups" ("user_id", "group_id");
CREATE INDEX IF NOT EXISTS "auth_user_groups_user_id_6a12ed8b" ON "auth_user_groups" ("user_id");
CREATE INDEX IF NOT EXISTS "auth_user_groups_group_id_97559544" ON "auth_user_groups" ("group_id");
CREATE UNIQUE INDEX "auth_user_user_permissions_user_id_permission_id_14a6b632_uniq" ON "auth_user_user_permissions" ("user_id", "permission_id");
CREATE INDEX IF NOT EXISTS "auth_user_user_permissions_user_id_a95ead1b" ON "auth_user_user_permissions" ("user_id");
CREATE INDEX IF NOT EXISTS "auth_user_user_permissions_permission_id_1fbb5f2c" ON "auth_user_user_permissions" ("permission_id");
CREATE INDEX IF NOT EXISTS "django_admin_log_content_type_id_c4bce8eb" ON "django_admin_log" ("content_type_id");
CREATE INDEX IF NOT EXISTS "django_admin_log_user_id_c564eba6" ON "django_admin_log" ("user_id");
CREATE UNIQUE INDEX "django_content_type_app_label_model_76bd3d3b_uniq" ON "django_content_type" ("app_label", "model");
CREATE UNIQUE INDEX "auth_permission_content_type_id_codename_01ab375a_uniq" ON "auth_permission" ("content_type_id", "codename");
CREATE INDEX IF NOT EXISTS "auth_permission_content_type_id_2f476e4b" ON "auth_permission" ("content_type_id");
CREATE INDEX IF NOT EXISTS "django_session_expire_date_a5c62663" ON "django_session" ("expire_date");
CREATE INDEX IF NOT EXISTS "blog_post_autor_id_8811ea21" ON "blog_post" ("autor_id");
CREATE UNIQUE INDEX "blog_post_categorias_post_id_categoria_id_70b54e48_uniq" ON "blog_post_categorias" ("post_id", "categoria_id");
CREATE INDEX IF NOT EXISTS "blog_post_categorias_post_id_212bf44c" ON "blog_post_categorias" ("post_id");
CREATE INDEX IF NOT EXISTS "blog_post_categorias_categoria_id_f3743c06" ON "blog_post_categorias" ("categoria_id");
CREATE INDEX IF NOT EXISTS "tienda_producto_categorias_id_462aa648" ON "tienda_producto" ("categorias_id");
CREATE INDEX IF NOT EXISTS "imagenes_imagen_fecha_subida_31bcc313" ON "imagenes_imagen" ("fecha_subida");
CREATE INDEX IF NOT EXISTS "imagenes_imagen_subida_por_id_094b5a58" ON "imagenes_imagen" ("subida_por_id");
CREATE TABLE IF NOT EXISTS "servicios_servicio" ("id" integer NOT NULL PRIMARY KEY AUTOINCREMENT, "titulo" varchar(50) NOT NULL, "contenido" varchar(50) NOT NULL, "imagen" varchar(100) NOT NULL);
INSERT INTO "servicios_servicio" VALUES(7,'FAMILIA','MARTIN','servicios/principal_2.jpg');
INSERT INTO "servicios_servicio" VALUES(8,'MARISA','MARISA','servicios/bg_main.jpg');
INSERT INTO "servicios_servicio" VALUES(9,'PUENTE TERCER MILENIO','PUENTE','servicios/principal_3.jpg');
INSERT INTO "servicios_servicio" VALUES(10,'EXPO ZARAGOZA','EXPO','servicios/principal1_2.jpg');
INSERT INTO "servicios_servicio" VALUES(13,'FLORES PARQUE','PARQUE GRANDE','servicios/5.png');
INSERT INTO "servicios_servicio" VALUES(14,'AINSA','HERRAMIENTAS','servicios/6.png');
INSERT INTO "servicios_servicio" VALUES(16,'ESCULTURA','ESCULTURA EXPO','servicios/9.jpg');
INSERT INTO "servicios_servicio" VALUES(17,'PUENTE TERCER MILENIO','Vista Frontal','servicios/12.jpg');
INSERT INTO "servicios_servicio" VALUES(18,'TORRE DEL AGUA','ATARDECER','servicios/11.jpg');
CREATE UNIQUE INDEX "auth_group_permissions_group_id_permission_id_0cd325b0_uniq" ON "auth_group_permissions" ("group_id", "permission_id");
CREATE INDEX IF NOT EXISTS "auth_group_permissions_group_id_b120cbf9" ON "auth_group_permissions" ("group_id");
CREATE INDEX IF NOT EXISTS "auth_group_permissions_permission_id_84c5c92e" ON "auth_group_permissions" ("permission_id");
CREATE UNIQUE INDEX "auth_user_groups_user_id_group_id_94350c0c_uniq" ON "auth_user_groups" ("user_id", "group_id");
CREATE INDEX IF NOT EXISTS "auth_user_groups_user_id_6a12ed8b" ON "auth_user_groups" ("user_id");
CREATE INDEX IF NOT EXISTS "auth_user_groups_group_id_97559544" ON "auth_user_groups" ("group_id");
CREATE UNIQUE INDEX "auth_user_user_permissions_user_id_permission_id_14a6b632_uniq" ON "auth_user_user_permissions" ("user_id", "permission_id");
CREATE INDEX IF NOT EXISTS "auth_user_user_permissions_user_id_a95ead1b" ON "auth_user_user_permissions" ("user_id");
CREATE INDEX IF NOT EXISTS "auth_user_user_permissions_permission_id_1fbb5f2c" ON "auth_user_user_permissions" ("permission_id");
CREATE INDEX IF NOT EXISTS "django_admin_log_content_type_id_c4bce8eb" ON "django_admin_log" ("content_type_id");
CREATE INDEX IF NOT EXISTS "django_admin_log_user_id_c564eba6" ON "django_admin_log" ("user_id");
CREATE UNIQUE INDEX "django_content_type_app_label_model_76bd3d3b_uniq" ON "django_content_type" ("app_label", "model");
CREATE UNIQUE INDEX "auth_permission_content_type_id_codename_01ab375a_uniq" ON "auth_permission" ("content_type_id", "codename");
CREATE INDEX IF NOT EXISTS "auth_permission_content_type_id_2f476e4b" ON "auth_permission" ("content_type_id");
CREATE INDEX IF NOT EXISTS "django_session_expire_date_a5c62663" ON "django_session" ("expire_date");
CREATE INDEX IF NOT EXISTS "blog_post_autor_id_8811ea21" ON "blog_post" ("autor_id");
CREATE UNIQUE INDEX "blog_post_categorias_post_id_categoria_id_70b54e48_uniq" ON "blog_post_categorias" ("post_id", "categoria_id");
CREATE INDEX IF NOT EXISTS "blog_post_categorias_post_id_212bf44c" ON "blog_post_categorias" ("post_id");
CREATE INDEX IF NOT EXISTS "blog_post_categorias_categoria_id_f3743c06" ON "blog_post_categorias" ("categoria_id");
CREATE INDEX IF NOT EXISTS "tienda_producto_categorias_id_462aa648" ON "tienda_producto" ("categorias_id");
CREATE INDEX IF NOT EXISTS "imagenes_imagen_fecha_subida_31bcc313" ON "imagenes_imagen" ("fecha_subida");
CREATE INDEX IF NOT EXISTS "imagenes_imagen_subida_por_id_094b5a58" ON "imagenes_imagen" ("subida_por_id");
CREATE TABLE IF NOT EXISTS "tienda_categoriaprod" ("id" integer NOT NULL PRIMARY KEY AUTOINCREMENT, "nombre" varchar(50) NOT NULL);
INSERT INTO "tienda_categoriaprod" VALUES(1,'Fotos Color');
INSERT INTO "tienda_categoriaprod" VALUES(2,'Fotos Blanco y Negro');
INSERT INTO "tienda_categoriaprod" VALUES(3,'PHOTOSHOP');
CREATE UNIQUE INDEX "auth_group_permissions_group_id_permission_id_0cd325b0_uniq" ON "auth_group_permissions" ("group_id", "permission_id");
CREATE INDEX IF NOT EXISTS "auth_group_permissions_group_id_b120cbf9" ON "auth_group_permissions" ("group_id");
CREATE INDEX IF NOT EXISTS "auth_group_permissions_permission_id_84c5c92e" ON "auth_group_permissions" ("permission_id");
CREATE UNIQUE INDEX "auth_user_groups_user_id_group_id_94350c0c_uniq" ON "auth_user_groups" ("user_id", "group_id");
CREATE INDEX IF NOT EXISTS "auth_user_groups_user_id_6a12ed8b" ON "auth_user_groups" ("user_id");
CREATE INDEX IF NOT EXISTS "auth_user_groups_group_id_97559544" ON "auth_user_groups" ("group_id");
CREATE UNIQUE INDEX "auth_user_user_permissions_user_id_permission_id_14a6b632_uniq" ON "auth_user_user_permissions" ("user_id", "permission_id");
CREATE INDEX IF NOT EXISTS "auth_user_user_permissions_user_id_a95ead1b" ON "auth_user_user_permissions" ("user_id");
CREATE INDEX IF NOT EXISTS "auth_user_user_permissions_permission_id_1fbb5f2c" ON "auth_user_user_permissions" ("permission_id");
CREATE INDEX IF NOT EXISTS "django_admin_log_content_type_id_c4bce8eb" ON "django_admin_log" ("content_type_id");
CREATE INDEX IF NOT EXISTS "django_admin_log_user_id_c564eba6" ON "django_admin_log" ("user_id");
CREATE UNIQUE INDEX "django_content_type_app_label_model_76bd3d3b_uniq" ON "django_content_type" ("app_label", "model");
CREATE UNIQUE INDEX "auth_permission_content_type_id_codename_01ab375a_uniq" ON "auth_permission" ("content_type_id", "codename");
CREATE INDEX IF NOT EXISTS "auth_permission_content_type_id_2f476e4b" ON "auth_permission" ("content_type_id");
CREATE INDEX IF NOT EXISTS "django_session_expire_date_a5c62663" ON "django_session" ("expire_date");
CREATE INDEX IF NOT EXISTS "blog_post_autor_id_8811ea21" ON "blog_post" ("autor_id");
CREATE UNIQUE INDEX "blog_post_categorias_post_id_categoria_id_70b54e48_uniq" ON "blog_post_categorias" ("post_id", "categoria_id");
CREATE INDEX IF NOT EXISTS "blog_post_categorias_post_id_212bf44c" ON "blog_post_categorias" ("post_id");
CREATE INDEX IF NOT EXISTS "blog_post_categorias_categoria_id_f3743c06" ON "blog_post_categorias" ("categoria_id");
CREATE INDEX IF NOT EXISTS "tienda_producto_categorias_id_462aa648" ON "tienda_producto" ("categorias_id");
CREATE INDEX IF NOT EXISTS "imagenes_imagen_fecha_subida_31bcc313" ON "imagenes_imagen" ("fecha_subida");
CREATE INDEX IF NOT EXISTS "imagenes_imagen_subida_por_id_094b5a58" ON "imagenes_imagen" ("subida_por_id");
CREATE TABLE IF NOT EXISTS "tienda_producto" ("id" integer NOT NULL PRIMARY KEY AUTOINCREMENT, "nombre" varchar(50) NOT NULL, "imagen" varchar(100) NULL, "precio" real NOT NULL, "disponibilidad" bool NOT NULL, "categorias_id" bigint NOT NULL REFERENCES "tienda_categoriaprod" ("id") DEFERRABLE INITIALLY DEFERRED);
INSERT INTO "tienda_producto" VALUES(1,'FLORES','tienda/5.png',6.0,1,2);
INSERT INTO "tienda_producto" VALUES(2,'PUENTE','tienda/4.png',6.0,1,2);
INSERT INTO "tienda_producto" VALUES(3,'AINSA','tienda/6.png',6.0,1,2);
INSERT INTO "tienda_producto" VALUES(5,'EXPO','tienda/principal1_2.jpg',6.0,1,2);
INSERT INTO "tienda_producto" VALUES(6,'ESCULTURA','tienda/9.jpg',5.0,1,2);
INSERT INTO "tienda_producto" VALUES(7,'TERCER MILENIO','tienda/12.jpg',8.0,1,2);
INSERT INTO "tienda_producto" VALUES(8,'HOJAS Y FLOR','tienda/10.jpg',6.0,1,2);
CREATE UNIQUE INDEX "auth_group_permissions_group_id_permission_id_0cd325b0_uniq" ON "auth_group_permissions" ("group_id", "permission_id");
CREATE INDEX IF NOT EXISTS "auth_group_permissions_group_id_b120cbf9" ON "auth_group_permissions" ("group_id");
CREATE INDEX IF NOT EXISTS "auth_group_permissions_permission_id_84c5c92e" ON "auth_group_permissions" ("permission_id");
CREATE UNIQUE INDEX "auth_user_groups_user_id_group_id_94350c0c_uniq" ON "auth_user_groups" ("user_id", "group_id");
CREATE INDEX IF NOT EXISTS "auth_user_groups_user_id_6a12ed8b" ON "auth_user_groups" ("user_id");
CREATE INDEX IF NOT EXISTS "auth_user_groups_group_id_97559544" ON "auth_user_groups" ("group_id");
CREATE UNIQUE INDEX "auth_user_user_permissions_user_id_permission_id_14a6b632_uniq" ON "auth_user_user_permissions" ("user_id", "permission_id");
CREATE INDEX IF NOT EXISTS "auth_user_user_permissions_user_id_a95ead1b" ON "auth_user_user_permissions" ("user_id");
CREATE INDEX IF NOT EXISTS "auth_user_user_permissions_permission_id_1fbb5f2c" ON "auth_user_user_permissions" ("permission_id");
CREATE INDEX IF NOT EXISTS "django_admin_log_content_type_id_c4bce8eb" ON "django_admin_log" ("content_type_id");
CREATE INDEX IF NOT EXISTS "django_admin_log_user_id_c564eba6" ON "django_admin_log" ("user_id");
CREATE UNIQUE INDEX "django_content_type_app_label_model_76bd3d3b_uniq" ON "django_content_type" ("app_label", "model");
CREATE UNIQUE INDEX "auth_permission_content_type_id_codename_01ab375a_uniq" ON "auth_permission" ("content_type_id", "codename");
CREATE INDEX IF NOT EXISTS "auth_permission_content_type_id_2f476e4b" ON "auth_permission" ("content_type_id");
CREATE INDEX IF NOT EXISTS "django_session_expire_date_a5c62663" ON "django_session" ("expire_date");
CREATE INDEX IF NOT EXISTS "blog_post_autor_id_8811ea21" ON "blog_post" ("autor_id");
CREATE UNIQUE INDEX "blog_post_categorias_post_id_categoria_id_70b54e48_uniq" ON "blog_post_categorias" ("post_id", "categoria_id");
CREATE INDEX IF NOT EXISTS "blog_post_categorias_post_id_212bf44c" ON "blog_post_categorias" ("post_id");
CREATE INDEX IF NOT EXISTS "blog_post_categorias_categoria_id_f3743c06" ON "blog_post_categorias" ("categoria_id");
CREATE INDEX IF NOT EXISTS "tienda_producto_categorias_id_462aa648" ON "tienda_producto" ("categorias_id");
CREATE INDEX IF NOT EXISTS "imagenes_imagen_fecha_subida_31bcc313" ON "imagenes_imagen" ("fecha_subida");
CREATE INDEX IF NOT EXISTS "imagenes_imagen_subida_por_id_094b5a58" ON "imagenes_imagen" ("subida_por_id");
